[{"code":"","color":"#FFB71C1C","name":"created by.-","typeName":"","palette":"11","type":"h","spec":"By Arab Ware Channel"},{"code":"}\npublic static final int RESULT_ENABLE \u003d 11;\nprivate ActivityManager %1$sAM;\npublic void %1$sVoid () {","color":"#FFB71C1C","name":"MoreBlock_","typeName":"","palette":"11","type":" ","spec":"%m.DevicePolicyManager #put me at more block \u0026 put here the class events ( if needed )"},{"code":"%1$s \u003d (DevicePolicyManager) getSystemService(DEVICE_POLICY_SERVICE);\n%1$sAM \u003d (ActivityManager) getSystemService(ACTIVITY_SERVICE);\n%2$s \u003d new ComponentName(%3$s.this, DeviceAdminSample.class);","color":"#FFB71C1C","name":"OnCrea","typeName":"","palette":"11","type":" ","spec":"put me at on create %m.DevicePolicyManager \u0026 %m.ComponentName in %m.activity"},{"code":"Intent %1$sIN \u003d new Intent(DevicePolicyManager.ACTION_ADD_DEVICE_ADMIN); %1$sIN.putExtra(DevicePolicyManager.EXTRA_DEVICE_ADMIN, %2$s);\n%1$sIN.putExtra(DevicePolicyManager.EXTRA_ADD_EXPLANATION ,%3$s); startActivityForResult(%1$sIN, RESULT_ENABLE);","color":"#FFB71C1C","name":"request device policy manager permission","typeName":"","palette":"11","type":" ","spec":"%m.DevicePolicyManager request permission now %m.ComponentName with details %s"},{"code":"try{\n%1$s.setPasswordQuality(%2$s ,DevicePolicyManager.PASSWORD_QUALITY_UNSPECIFIED);\n%1$s.setPasswordMinimumLength(%2$s, %4$s); boolean result \u003d %1$s.resetPassword(%3$s, DevicePolicyManager.RESET_PASSWORD_REQUIRE_ENTRY);\n}catch(Exception e){\n%1$s.setPasswordMinimumLength(%2$s, 0);\nboolean result \u003d %1$s.resetPassword(\"\", DevicePolicyManager.RESET_PASSWORD_REQUIRE_ENTRY);\n%1$s.setPasswordQuality(%2$s ,DevicePolicyManager.PASSWORD_QUALITY_UNSPECIFIED);\n%1$s.setPasswordMinimumLength(%2$s, %4$s); result \u003d %1$s.resetPassword(%3$s, DevicePolicyManager.RESET_PASSWORD_REQUIRE_ENTRY);\n}","color":"#FFB71C1C","name":"DevicePolicyManagerChangePassword","typeName":"","palette":"11","type":" ","spec":"%m.DevicePolicyManager with %m.ComponentName change device password to %s with length %d"},{"code":"%1$s.wipeData(%2$s);","color":"#FFB71C1C","name":"WipeData","typeName":"","palette":"11","type":" ","spec":"%m.DevicePolicyManager wipedata ( factory mode ) with type %d"},{"code":"%1$s.isAdminActive(%2$s)","color":"#FFB71C1C","name":"isAdminActivie","typeName":"","palette":"11","type":"b","spec":"%m.DevicePolicyManager \u0026 %m.ComponentName  can work"}]